v,k,l,u,kind,seconds,finished,pair
10,3,0,1,wall,0.024,True,0
10,3,0,1,cpu,0.025,True,0
10,6,3,4,wall,0.038,True,0
10,6,3,4,cpu,0.033,True,0
12,6,0,6,wall,0.054,True,0
12,6,0,6,cpu,0.07,True,0
13,6,2,3,wall,0.067,True,0
13,6,2,3,cpu,0.065,True,0
15,6,1,3,wall,0.056,True,0
15,6,1,3,cpu,0.07,True,0
15,8,4,4,wall,0.229,True,0
15,8,4,4,cpu,0.19,True,0
16,10,6,6,wall,1.232,True,0
16,10,6,6,cpu,0.952,True,0
16,5,0,2,wall,0.08,True,0
16,5,0,2,cpu,0.071,True,0
16,6,2,2,wall,0.124,True,0
16,6,2,2,cpu,0.091,True,0
16,9,4,6,wall,0.353,True,0
16,9,4,6,cpu,0.259,True,0
17,8,3,4,wall,0.434,True,0
17,8,3,4,cpu,0.336,True,0
21,10,3,6,cpu,0.093,True,0
21,10,4,5,wall,43.134,True,0
21,10,4,5,cpu,25.384,True,0
21,10,5,4,wall,2.65,True,0
21,10,5,4,cpu,1.821,True,0
25,12,5,6,cpu,2834.0,True,1
25,12,5,6,wall,4181.0,True,1
25,16,9,12,cpu,30.923,True,0
25,8,3,2,cpu,0.196,True,0
26,10,3,4,cpu,1279.0,True,1
26,10,3,4,wall,1754.0,True,1
27,10,1,5,cpu,2.011,True,0
28,12,6,4,wall,94904.01194787025,True,0
28,12,6,4,wall,45.1,True,0
28,12,6,4,cpu,26.844,True,0
28,9,0,4,wall,128.3,True,0
28,9,0,4,cpu,29.568,True,0
33,16,7,8,cpu,9040.0,False,0
36,10,4,2,wall,2.143,True,0
36,10,4,2,cpu,0.663,True,0
36,14,4,6,wall,21604.0,False,0
36,14,7,4,wall,3276.0,True,0
36,15,6,6,wall,10804.0,False,0
37,18,8,9,wall,10802.0,False,0
40,12,2,4,wall,10800.0,False,0
40,12,2,4,cpu,37020.0,False,1
40,12,2,4,wall,43200.0,False,1
41,20,9,10,wall,10804.0,False,0
45,12,3,3,cpu,9424.0,False,1
45,12,3,3,wall,10800.0,False,1
45,22,10,11,wall,10872.0,False,0
49,12,5,2,wall,3.02,True,0
49,16,3,6,cpu,9040.0,False,0
49,18,7,6,wall,10801.0,False,0
49,24,11,12,wall,10818.0,False,0
4,2,0,2,wall,0.015,True,0
4,2,0,2,cpu,0.014,True,0
50,21,4,12,cpu,0.003551,True,1
50,21,4,12,wall,0.005197,True,1
50,21,8,9,wall,10809.0,False,0
50,7,0,1,cpu,39.86,True,1
50,7,0,1,wall,41.05,True,1
5,2,0,1,wall,0.004,True,0
5,2,0,1,cpu,0.005,True,0
9,4,1,2,wall,0.06091,True,0
9,4,1,2,cpu,0.014,True,0
