v,k,l,u,cpu_sec,wall_clock_sec
10,3,0,1,0.025,0.024
10,6,3,4,0.033,0.038
12,6,0,6,0.07,0.054
13,6,2,3,0.065,0.067
15,6,1,3,0.07,0.056
15,8,4,4,0.19,0.229
16,10,6,6,0.952,1.232
16,5,0,2,0.071,0.08
16,6,2,2,0.091,0.124
16,9,4,6,0.259,0.353
17,8,3,4,0.336,0.434
21,10,3,6,0.093,
21,10,4,5,25.38,43.13
21,10,5,4,1.821,2.65
25,12,5,6,2834,4181
25,16,9,12,30.92,
25,8,3,2,0.196,
26,10,3,4,1279,1754
27,10,1,5,2.011,
28,12,6,4,26.84,45.1
28,9,0,4,29.57,128
36,10,4,2,0.663,2.143
49,12,5,2,,3.02
4,2,0,2,0.014,0.015
50,21,4,12,0.003551,0.005197
50,7,0,1,39.86,41.05
5,2,0,1,0.005,0.004
9,4,1,2,0.014,0.06091
